{
  "metadata": {
    "title": "FP001 – Flux de fabrication d'un réservoir",
    "version": "0.1",
    "lastUpdate": "2023-12-19",
    "author": "MJ",
    "description": "Flux transversal de fabrication d'un réservoir (tank) - Du devis au montage"
  },
  "phases": [
    { "id": "I", "order": 1, "name": "COMMANDE", "color": "#e74c3c" },
    { "id": "II", "order": 2, "name": "CALCUL", "color": "#e67e22" },
    { "id": "III", "order": 3, "name": "ÉTUDE", "color": "#f1c40f" },
    { "id": "IV", "order": 4, "name": "APPROVISIONNEMENT", "color": "#2ecc71" },
    { "id": "V", "order": 5, "name": "INDUSTRIALISATION", "color": "#1abc9c" },
    { "id": "VI", "order": 6, "name": "PLANIFICATION", "color": "#3498db" },
    { "id": "VII", "order": 7, "name": "PRODUCTION", "color": "#9b59b6" },
    { "id": "VIII", "order": 8, "name": "EXPÉDITION – LIVRAISON", "color": "#34495e" },
    { "id": "IX", "order": 9, "name": "MONTAGE", "color": "#c0392b" }
  ],
  "lanes": [
    { "id": "commerce", "order": 1, "name": "Commerce", "color": "#e74c3c", "icon": "💼" },
    { "id": "calcul", "order": 2, "name": "Calcul", "color": "#e67e22", "icon": "🔢" },
    { "id": "etude", "order": 3, "name": "Étude", "color": "#f1c40f", "icon": "📐" },
    { "id": "approvisionnement", "order": 4, "name": "Approvisionnement", "color": "#2ecc71", "icon": "📦" },
    { "id": "industrialisation", "order": 5, "name": "Industrialisation", "color": "#1abc9c", "icon": "⚙️" },
    { "id": "planification", "order": 6, "name": "Planification", "color": "#3498db", "icon": "📅" },
    { "id": "production", "order": 7, "name": "Production", "color": "#9b59b6", "icon": "🏭" },
    { "id": "expedition", "order": 8, "name": "Expédition – Livraison", "color": "#34495e", "icon": "🚚" },
    { "id": "montage", "order": 9, "name": "Montage", "color": "#c0392b", "icon": "🔧" }
  ],
  "nodes": [
    {
      "id": "COM-001",
      "title": "Enregistrement de la commande",
      "phaseId": "I",
      "laneId": "commerce",
      "order": 1,
      "shortDescription": "Enregistrer la commande client dans Sage X3 et créer le dossier affaire.",
      "mainRole": "Commerce",
      "secondaryRoles": ["ADV"],
      "qmsDocuments": [
        { "code": "PROC-COM-001", "title": "Procédure d'enregistrement des commandes", "type": "PROC" },
        { "code": "FORM-COM-010", "title": "Fiche de validation commande", "type": "FORM" }
      ],
      "conditions": ["Commande client signée", "Acompte reçu (si applicable)"],
      "notes": "Vérifier la cohérence entre le devis et la commande avant enregistrement.",
      "nodeType": "start"
    },
    {
      "id": "COM-002",
      "title": "Récupérer le devis",
      "phaseId": "I",
      "laneId": "commerce",
      "order": 2,
      "shortDescription": "Récupérer le devis validé et le dossier navette associé.",
      "mainRole": "Commerce",
      "qmsDocuments": [],
      "conditions": ["Devis disponible"],
      "nodeType": "standard"
    },
    {
      "id": "COM-003",
      "title": "Générer l'Affaire (AF)",
      "phaseId": "I",
      "laneId": "commerce",
      "order": 3,
      "shortDescription": "Créer le numéro d'affaire dans le système (Sage X3).",
      "mainRole": "Commerce",
      "qmsDocuments": [
        { "code": "IT-SAG-001", "title": "Création d'une affaire dans Sage X3", "type": "IT" }
      ],
      "conditions": ["Commande enregistrée"],
      "nodeType": "standard"
    },
    {
      "id": "COM-004",
      "title": "Générer le bon d'exécution",
      "phaseId": "I",
      "laneId": "commerce",
      "order": 4,
      "shortDescription": "Établir le bon d'exécution qui servira de référence pour les services techniques.",
      "mainRole": "Commerce",
      "qmsDocuments": [
        { "code": "FORM-COM-020", "title": "Bon d'exécution", "type": "FORM" }
      ],
      "conditions": ["Affaire créée"],
      "nodeType": "standard"
    },
    {
      "id": "COM-005",
      "title": "Générer le dossier navette",
      "phaseId": "I",
      "laneId": "commerce",
      "order": 5,
      "shortDescription": "Constituer le dossier navette qui accompagnera l'affaire tout au long du flux.",
      "mainRole": "Commerce",
      "qmsDocuments": [
        { "code": "TEMPLATE-001", "title": "Modèle dossier navette", "type": "TEMPLATE" }
      ],
      "conditions": ["Bon d'exécution généré"],
      "notes": "Le dossier navette doit contenir : bon d'exécution, CDC client, plans préliminaires si dispo.",
      "nodeType": "standard"
    },
    {
      "id": "COM-006",
      "title": "Lancer l'étude de calcul",
      "phaseId": "II",
      "laneId": "commerce",
      "order": 1,
      "shortDescription": "Transmettre le dossier au service Calcul pour lancer l'étude.",
      "mainRole": "Commerce",
      "secondaryRoles": ["Calcul"],
      "qmsDocuments": [],
      "conditions": ["Dossier navette complet"],
      "nodeType": "standard"
    },

    {
      "id": "CAL-001",
      "title": "Récupération du bon d'exécution",
      "phaseId": "II",
      "laneId": "calcul",
      "order": 1,
      "shortDescription": "Récupérer le bon d'exécution et les données d'entrée pour l'étude de calcul.",
      "mainRole": "Bureau d'études - Calcul",
      "qmsDocuments": [],
      "conditions": ["Bon d'exécution reçu du Commerce"],
      "nodeType": "standard"
    },
    {
      "id": "CAL-002",
      "title": "Calculer la structure",
      "phaseId": "II",
      "laneId": "calcul",
      "order": 2,
      "shortDescription": "Réaliser les calculs de dimensionnement de la structure du réservoir.",
      "mainRole": "Bureau d'études - Calcul",
      "qmsDocuments": [
        { "code": "PROC-CAL-001", "title": "Procédure de calcul structure réservoir", "type": "PROC" },
        { "code": "FORM-CAL-010", "title": "Fiche de calcul", "type": "FORM" }
      ],
      "conditions": ["Données d'entrée complètes"],
      "notes": "Respecter les normes API 650 / EN 14015 selon spécifications client.",
      "nodeType": "standard"
    },
    {
      "id": "CAL-003",
      "title": "Générer la note de calcul",
      "phaseId": "II",
      "laneId": "calcul",
      "order": 3,
      "shortDescription": "Formaliser les résultats dans une note de calcul.",
      "mainRole": "Bureau d'études - Calcul",
      "qmsDocuments": [
        { "code": "TEMPLATE-CAL-001", "title": "Template note de calcul", "type": "TEMPLATE" }
      ],
      "conditions": ["Calculs validés en interne"],
      "nodeType": "standard"
    },
    {
      "id": "CAL-004",
      "title": "Validation note de calcul (client)",
      "phaseId": "II",
      "laneId": "calcul",
      "order": 4,
      "shortDescription": "Soumettre la note de calcul au client pour validation. Renégocier si refus.",
      "mainRole": "Bureau d'études - Calcul",
      "secondaryRoles": ["Commerce"],
      "qmsDocuments": [
        { "code": "FORM-CAL-020", "title": "Fiche de validation client", "type": "FORM" }
      ],
      "conditions": ["Note de calcul validée par le client : OUI/NON"],
      "notes": "Si refus client, retour à l'étape de calcul avec les nouvelles exigences.",
      "nodeType": "decision"
    },
    {
      "id": "CAL-005",
      "title": "Étude calcul terminée",
      "phaseId": "II",
      "laneId": "calcul",
      "order": 5,
      "shortDescription": "Clôturer la phase de calcul et transmettre à l'Étude.",
      "mainRole": "Bureau d'études - Calcul",
      "qmsDocuments": [],
      "conditions": ["Note de calcul validée client"],
      "nodeType": "end"
    },

    {
      "id": "ETU-001",
      "title": "Récupération de la note de calcul",
      "phaseId": "III",
      "laneId": "etude",
      "order": 1,
      "shortDescription": "Récupérer la note de calcul validée pour démarrer la conception.",
      "mainRole": "Bureau d'études - Étude",
      "qmsDocuments": [],
      "conditions": ["Note de calcul disponible"],
      "nodeType": "standard"
    },
    {
      "id": "ETU-002",
      "title": "Concevoir le réservoir",
      "phaseId": "III",
      "laneId": "etude",
      "order": 2,
      "shortDescription": "Réaliser la conception détaillée : plans, maquettes 3D (TopSolid), nomenclatures.",
      "mainRole": "Bureau d'études - Étude",
      "qmsDocuments": [
        { "code": "PROC-ETU-001", "title": "Procédure de conception réservoir", "type": "PROC" },
        { "code": "CHECKLIST-ETU-001", "title": "Checklist revue de conception", "type": "CHECKLIST" }
      ],
      "conditions": ["Acompte posé ? (si requis)"],
      "notes": "Utiliser TopSolid pour la maquette 3D. Séparer : Structure, Toiture, Tuyauterie.",
      "nodeType": "standard"
    },
    {
      "id": "ETU-003",
      "title": "Validation des plans (client)",
      "phaseId": "III",
      "laneId": "etude",
      "order": 3,
      "shortDescription": "Soumettre les plans au client pour validation. Gérer les modifications si refus.",
      "mainRole": "Bureau d'études - Étude",
      "secondaryRoles": ["Commerce"],
      "qmsDocuments": [
        { "code": "FORM-ETU-010", "title": "Fiche de validation plans client", "type": "FORM" }
      ],
      "conditions": ["Plans validés par le client : OUI/NON"],
      "nodeType": "decision"
    },
    {
      "id": "ETU-004",
      "title": "Mise à jour du versionning",
      "phaseId": "III",
      "laneId": "etude",
      "order": 4,
      "shortDescription": "Mettre à jour les indices de version des plans après validation/modification.",
      "mainRole": "Bureau d'études - Étude",
      "qmsDocuments": [
        { "code": "PROC-ETU-002", "title": "Gestion des versions documents", "type": "PROC" }
      ],
      "conditions": [],
      "nodeType": "standard"
    },
    {
      "id": "ETU-005",
      "title": "Réaliser la notice de montage",
      "phaseId": "III",
      "laneId": "etude",
      "order": 5,
      "shortDescription": "Créer la notice de montage pour l'équipe terrain.",
      "mainRole": "Bureau d'études - Étude",
      "qmsDocuments": [
        { "code": "TEMPLATE-ETU-010", "title": "Template notice de montage", "type": "TEMPLATE" }
      ],
      "conditions": ["Plans définitifs validés"],
      "nodeType": "standard"
    },
    {
      "id": "ETU-006",
      "title": "Étude terminée",
      "phaseId": "III",
      "laneId": "etude",
      "order": 6,
      "shortDescription": "Clôturer la phase d'étude. L'équipe reste en soutien technique jusqu'à la fin du montage.",
      "mainRole": "Bureau d'études - Étude",
      "qmsDocuments": [],
      "conditions": ["Plans + nomenclatures + notice de montage transmis"],
      "notes": "Le BE reste en appui technique jusqu'à la fin du montage pour toute question.",
      "nodeType": "end"
    },

    {
      "id": "APP-001",
      "title": "Récupération de la nomenclature d'achat",
      "phaseId": "IV",
      "laneId": "approvisionnement",
      "order": 1,
      "shortDescription": "Récupérer la nomenclature d'achat issue de l'étude.",
      "mainRole": "Achats",
      "qmsDocuments": [],
      "conditions": ["Nomenclature disponible"],
      "nodeType": "standard"
    },
    {
      "id": "APP-002",
      "title": "Commander les pièces",
      "phaseId": "IV",
      "laneId": "approvisionnement",
      "order": 2,
      "shortDescription": "Passer les commandes fournisseurs pour toutes les pièces de la nomenclature.",
      "mainRole": "Achats",
      "qmsDocuments": [
        { "code": "PROC-ACH-001", "title": "Procédure d'achat", "type": "PROC" },
        { "code": "FORM-ACH-010", "title": "Bon de commande fournisseur", "type": "FORM" }
      ],
      "conditions": ["Budget validé", "Fournisseurs qualifiés"],
      "nodeType": "standard"
    },
    {
      "id": "APP-003",
      "title": "Commander brides & joints",
      "phaseId": "IV",
      "laneId": "approvisionnement",
      "order": 3,
      "shortDescription": "Commander spécifiquement les brides et joints (pièces critiques).",
      "mainRole": "Achats",
      "secondaryRoles": ["Étude"],
      "qmsDocuments": [],
      "conditions": ["Spécifications brides/joints validées par l'étude"],
      "notes": "Attention aux délais longs sur certaines brides spéciales.",
      "nodeType": "standard"
    },
    {
      "id": "APP-004",
      "title": "Informer tous les services des délais",
      "phaseId": "IV",
      "laneId": "approvisionnement",
      "order": 4,
      "shortDescription": "Communiquer les délais d'approvisionnement à tous les services concernés.",
      "mainRole": "Achats",
      "secondaryRoles": ["Planification", "Production"],
      "qmsDocuments": [],
      "conditions": ["Accusés de réception fournisseurs reçus"],
      "nodeType": "standard"
    },
    {
      "id": "APP-005",
      "title": "Réceptionner les pièces",
      "phaseId": "IV",
      "laneId": "approvisionnement",
      "order": 5,
      "shortDescription": "Réceptionner et contrôler les pièces à leur arrivée.",
      "mainRole": "Achats / Réception",
      "qmsDocuments": [
        { "code": "PROC-REC-001", "title": "Procédure de réception", "type": "PROC" },
        { "code": "FORM-REC-010", "title": "Bon de réception", "type": "FORM" },
        { "code": "CHECKLIST-REC-001", "title": "Checklist contrôle réception", "type": "CHECKLIST" }
      ],
      "conditions": ["Pièces conformes au bon de commande"],
      "nodeType": "standard"
    },
    {
      "id": "APP-006",
      "title": "Achat terminé",
      "phaseId": "IV",
      "laneId": "approvisionnement",
      "order": 6,
      "shortDescription": "Clôturer la phase d'approvisionnement.",
      "mainRole": "Achats",
      "qmsDocuments": [],
      "conditions": ["Toutes les pièces réceptionnées et conformes"],
      "nodeType": "end"
    },

    {
      "id": "IND-001",
      "title": "Récupération de la structure en-cours",
      "phaseId": "V",
      "laneId": "industrialisation",
      "order": 1,
      "shortDescription": "Récupérer les plans et la structure en cours de conception pour préparer l'industrialisation.",
      "mainRole": "Industrialisation / Méthodes",
      "qmsDocuments": [],
      "conditions": ["Plans structure disponibles"],
      "nodeType": "standard"
    },
    {
      "id": "IND-002",
      "title": "Réaliser les gammes de fabrication",
      "phaseId": "V",
      "laneId": "industrialisation",
      "order": 2,
      "shortDescription": "Créer les gammes de fabrication pour chaque pièce/sous-ensemble.",
      "mainRole": "Industrialisation / Méthodes",
      "qmsDocuments": [
        { "code": "PROC-IND-001", "title": "Procédure de création des gammes", "type": "PROC" },
        { "code": "TEMPLATE-IND-001", "title": "Template gamme de fabrication", "type": "TEMPLATE" }
      ],
      "conditions": ["Plans définitifs disponibles"],
      "nodeType": "standard"
    },
    {
      "id": "IND-003",
      "title": "Générer l'Ordre de Fabrication (OF)",
      "phaseId": "V",
      "laneId": "industrialisation",
      "order": 3,
      "shortDescription": "Créer les ordres de fabrication dans le système.",
      "mainRole": "Industrialisation / Méthodes",
      "qmsDocuments": [
        { "code": "IT-SAG-002", "title": "Création OF dans Sage X3", "type": "IT" }
      ],
      "conditions": ["Gammes validées"],
      "nodeType": "standard"
    },
    {
      "id": "IND-004",
      "title": "Programmer les pièces (FAO)",
      "phaseId": "V",
      "laneId": "industrialisation",
      "order": 4,
      "shortDescription": "Réaliser la programmation FAO pour les pièces à usiner.",
      "mainRole": "Industrialisation / FAO",
      "qmsDocuments": [
        { "code": "PROC-FAO-001", "title": "Procédure de programmation FAO", "type": "PROC" }
      ],
      "conditions": ["Plans 3D disponibles"],
      "nodeType": "standard"
    },
    {
      "id": "IND-005",
      "title": "Transmettre en production les NC",
      "phaseId": "V",
      "laneId": "industrialisation",
      "order": 5,
      "shortDescription": "Transmettre les programmes CN et les gammes au service Production.",
      "mainRole": "Industrialisation / Méthodes",
      "secondaryRoles": ["Production"],
      "qmsDocuments": [],
      "conditions": ["Programmes FAO validés"],
      "nodeType": "standard"
    },
    {
      "id": "IND-006",
      "title": "Industrialisation terminée",
      "phaseId": "V",
      "laneId": "industrialisation",
      "order": 6,
      "shortDescription": "Clôturer la phase d'industrialisation.",
      "mainRole": "Industrialisation / Méthodes",
      "qmsDocuments": [],
      "conditions": ["Gammes + OF + programmes transmis"],
      "nodeType": "end"
    },

    {
      "id": "PLA-001",
      "title": "Réunion TANK",
      "phaseId": "VI",
      "laneId": "planification",
      "order": 1,
      "shortDescription": "Organiser la réunion de lancement / revue de l'affaire TANK.",
      "mainRole": "Planification",
      "secondaryRoles": ["Commerce", "Étude", "Production", "Achats"],
      "qmsDocuments": [
        { "code": "FORM-PLA-001", "title": "CR Réunion TANK", "type": "FORM" }
      ],
      "conditions": ["Étude suffisamment avancée", "Délais appro connus"],
      "notes": "Réunion transverse pour synchroniser tous les services sur l'affaire.",
      "nodeType": "standard"
    },
    {
      "id": "PLA-002",
      "title": "Mettre à jour le planning",
      "phaseId": "VI",
      "laneId": "planification",
      "order": 2,
      "shortDescription": "Intégrer les OF et les délais d'achat dans le planning général.",
      "mainRole": "Planification",
      "qmsDocuments": [],
      "conditions": ["OF créés", "Délais appro confirmés"],
      "nodeType": "standard"
    },
    {
      "id": "PLA-003",
      "title": "Lancer la production",
      "phaseId": "VI",
      "laneId": "planification",
      "order": 3,
      "shortDescription": "Donner le GO pour le lancement en production.",
      "mainRole": "Planification",
      "secondaryRoles": ["Production"],
      "qmsDocuments": [],
      "conditions": ["Planning validé", "Matières premières disponibles"],
      "nodeType": "decision"
    },
    {
      "id": "PLA-004",
      "title": "Planification terminée",
      "phaseId": "VI",
      "laneId": "planification",
      "order": 4,
      "shortDescription": "Clôturer la phase de planification.",
      "mainRole": "Planification",
      "qmsDocuments": [],
      "conditions": ["Production lancée"],
      "nodeType": "end"
    },

    {
      "id": "PRO-001",
      "title": "Récupération du dossier de travail complet",
      "phaseId": "VII",
      "laneId": "production",
      "order": 1,
      "shortDescription": "Récupérer le dossier de travail complet (plans, gammes, OF, programmes).",
      "mainRole": "Production",
      "qmsDocuments": [],
      "conditions": ["Dossier complet transmis par Méthodes"],
      "nodeType": "standard"
    },
    {
      "id": "PRO-002",
      "title": "Distribuer dans les bannettes les gammes",
      "phaseId": "VII",
      "laneId": "production",
      "order": 2,
      "shortDescription": "Distribuer les gammes de fabrication aux postes de travail.",
      "mainRole": "Production - Chef d'atelier",
      "qmsDocuments": [],
      "conditions": [],
      "nodeType": "standard"
    },
    {
      "id": "PRO-003",
      "title": "Réaliser la fabrication des produits",
      "phaseId": "VII",
      "laneId": "production",
      "order": 3,
      "shortDescription": "Fabriquer les pièces et sous-ensembles selon les gammes.",
      "mainRole": "Production - Opérateurs",
      "qmsDocuments": [
        { "code": "FORM-PRO-010", "title": "Fiche suiveuse OF", "type": "FORM" }
      ],
      "conditions": ["Matières premières disponibles", "Machines opérationnelles"],
      "nodeType": "standard"
    },
    {
      "id": "PRO-004",
      "title": "Contrôler les pièces",
      "phaseId": "VII",
      "laneId": "production",
      "order": 4,
      "shortDescription": "Réaliser les contrôles qualité sur les pièces fabriquées.",
      "mainRole": "Production - Contrôle",
      "qmsDocuments": [
        { "code": "FORM-CTR-001", "title": "Document de contrôle", "type": "FORM" },
        { "code": "CHECKLIST-CTR-001", "title": "Checklist contrôle dimensionnel", "type": "CHECKLIST" }
      ],
      "conditions": ["Pièces conformes aux tolérances"],
      "notes": "Utiliser le document de contrôle spécifique à chaque type de pièce.",
      "nodeType": "standard"
    },
    {
      "id": "PRO-005",
      "title": "Séparer les pièces pour la galvanisation",
      "phaseId": "VII",
      "laneId": "production",
      "order": 5,
      "shortDescription": "Identifier et regrouper les pièces à envoyer en galvanisation.",
      "mainRole": "Production",
      "qmsDocuments": [],
      "conditions": ["Pièces contrôlées OK"],
      "nodeType": "standard"
    },
    {
      "id": "PRO-006",
      "title": "Envoyer les pièces en galvanisation",
      "phaseId": "VII",
      "laneId": "production",
      "order": 6,
      "shortDescription": "Expédier les pièces vers le sous-traitant galvanisation.",
      "mainRole": "Production / Logistique",
      "qmsDocuments": [
        { "code": "FORM-LOG-010", "title": "Bon de livraison galva", "type": "FORM" }
      ],
      "conditions": [],
      "nodeType": "standard"
    },
    {
      "id": "PRO-007",
      "title": "Réceptionner le retour galva et continuer",
      "phaseId": "VII",
      "laneId": "production",
      "order": 7,
      "shortDescription": "Réceptionner les pièces galvanisées, contrôler, et poursuivre la production.",
      "mainRole": "Production",
      "qmsDocuments": [
        { "code": "CHECKLIST-GAL-001", "title": "Checklist contrôle retour galva", "type": "CHECKLIST" }
      ],
      "conditions": ["Pièces galvanisées conformes"],
      "nodeType": "decision"
    },
    {
      "id": "PRO-008",
      "title": "Production terminée",
      "phaseId": "VII",
      "laneId": "production",
      "order": 8,
      "shortDescription": "Clôturer la phase de production. Préparer pour expédition.",
      "mainRole": "Production",
      "qmsDocuments": [],
      "conditions": ["Toutes les pièces fabriquées et contrôlées"],
      "nodeType": "end"
    },

    {
      "id": "EXP-001",
      "title": "Déclenchement de l'expédition",
      "phaseId": "VIII",
      "laneId": "expedition",
      "order": 1,
      "shortDescription": "Déclencher le processus d'expédition une fois la production terminée.",
      "mainRole": "Expédition / Logistique",
      "secondaryRoles": ["Production"],
      "qmsDocuments": [],
      "conditions": ["Production terminée", "Pièces disponibles"],
      "nodeType": "standard"
    },
    {
      "id": "EXP-002",
      "title": "Contacter le service d'expédition",
      "phaseId": "VIII",
      "laneId": "expedition",
      "order": 2,
      "shortDescription": "Prendre contact avec les transporteurs pour organiser la livraison.",
      "mainRole": "Expédition / Logistique",
      "qmsDocuments": [],
      "conditions": [],
      "nodeType": "standard"
    },
    {
      "id": "EXP-003",
      "title": "Valider créneau et tarif transport",
      "phaseId": "VIII",
      "laneId": "expedition",
      "order": 3,
      "shortDescription": "Négocier et valider le créneau de transport et le tarif.",
      "mainRole": "Expédition / Logistique",
      "qmsDocuments": [],
      "conditions": ["Créneau et tarif validés : OUI/NON"],
      "nodeType": "decision"
    },
    {
      "id": "EXP-004",
      "title": "Planifier le chargement",
      "phaseId": "VIII",
      "laneId": "expedition",
      "order": 4,
      "shortDescription": "Planifier le chargement en coordination avec la production.",
      "mainRole": "Expédition / Logistique",
      "secondaryRoles": ["Production"],
      "qmsDocuments": [],
      "conditions": ["Production terminée ou en cours de finalisation"],
      "nodeType": "standard"
    },
    {
      "id": "EXP-005",
      "title": "Coliser les pièces",
      "phaseId": "VIII",
      "laneId": "expedition",
      "order": 5,
      "shortDescription": "Emballer et coliser les pièces pour le transport.",
      "mainRole": "Expédition / Logistique",
      "qmsDocuments": [
        { "code": "IT-EXP-001", "title": "Instructions de colisage", "type": "IT" }
      ],
      "conditions": [],
      "nodeType": "standard"
    },
    {
      "id": "EXP-006",
      "title": "Charger le(s) camion(s)",
      "phaseId": "VIII",
      "laneId": "expedition",
      "order": 6,
      "shortDescription": "Charger les colis sur les camions.",
      "mainRole": "Expédition / Logistique",
      "qmsDocuments": [
        { "code": "CHECKLIST-EXP-001", "title": "Checklist chargement", "type": "CHECKLIST" }
      ],
      "conditions": ["Camion disponible au quai"],
      "nodeType": "standard"
    },
    {
      "id": "EXP-007",
      "title": "Livrer les camions",
      "phaseId": "VIII",
      "laneId": "expedition",
      "order": 7,
      "shortDescription": "Expédier les camions vers le site client.",
      "mainRole": "Transporteur",
      "qmsDocuments": [
        { "code": "FORM-EXP-010", "title": "Bon de livraison", "type": "FORM" }
      ],
      "conditions": [],
      "nodeType": "standard"
    },
    {
      "id": "EXP-008",
      "title": "Expédition – Livraison terminée",
      "phaseId": "VIII",
      "laneId": "expedition",
      "order": 8,
      "shortDescription": "Clôturer la phase d'expédition.",
      "mainRole": "Expédition / Logistique",
      "qmsDocuments": [],
      "conditions": ["Livraison confirmée par le client"],
      "nodeType": "end"
    },

    {
      "id": "MON-001",
      "title": "Lancement du montage à réception",
      "phaseId": "IX",
      "laneId": "montage",
      "order": 1,
      "shortDescription": "Préparer le lancement du montage dès réception des pièces sur site.",
      "mainRole": "Montage - Chef de chantier",
      "qmsDocuments": [],
      "conditions": ["Pièces livrées sur site"],
      "nodeType": "standard"
    },
    {
      "id": "MON-002",
      "title": "Réceptionner le chantier",
      "phaseId": "IX",
      "laneId": "montage",
      "order": 2,
      "shortDescription": "Réceptionner le chantier et vérifier les conditions de montage.",
      "mainRole": "Montage - Chef de chantier",
      "qmsDocuments": [
        { "code": "CHECKLIST-MON-001", "title": "Checklist réception chantier", "type": "CHECKLIST" }
      ],
      "conditions": ["Chantier accessible", "Fondations conformes"],
      "nodeType": "standard"
    },
    {
      "id": "MON-003",
      "title": "Lancer le montage",
      "phaseId": "IX",
      "laneId": "montage",
      "order": 3,
      "shortDescription": "Démarrer les opérations de montage du réservoir.",
      "mainRole": "Montage - Chef de chantier",
      "qmsDocuments": [
        { "code": "PROC-MON-001", "title": "Procédure de montage réservoir", "type": "PROC" }
      ],
      "conditions": ["Équipe et matériel sur site"],
      "nodeType": "standard"
    },
    {
      "id": "MON-004",
      "title": "Monter le réservoir",
      "phaseId": "IX",
      "laneId": "montage",
      "order": 4,
      "shortDescription": "Réaliser le montage complet du réservoir selon la notice de montage.",
      "mainRole": "Montage - Équipe",
      "secondaryRoles": ["Bureau d'études (soutien)"],
      "qmsDocuments": [
        { "code": "FORM-MON-010", "title": "Fiche suiveuse montage", "type": "FORM" },
        { "code": "CHECKLIST-MON-002", "title": "Points d'arrêt montage", "type": "CHECKLIST" }
      ],
      "conditions": [],
      "notes": "Contacter le BE en cas de doute technique. Points d'arrêt à valider avant de continuer.",
      "nodeType": "standard"
    },
    {
      "id": "MON-005",
      "title": "Montage terminé",
      "phaseId": "IX",
      "laneId": "montage",
      "order": 5,
      "shortDescription": "Clôturer les opérations de montage.",
      "mainRole": "Montage - Chef de chantier",
      "qmsDocuments": [],
      "conditions": ["Réservoir monté et contrôlé"],
      "nodeType": "standard"
    },
    {
      "id": "MON-006",
      "title": "Réaliser le soutien technique",
      "phaseId": "IX",
      "laneId": "montage",
      "order": 6,
      "shortDescription": "Assurer le soutien technique si besoin (intervention BE).",
      "mainRole": "Bureau d'études - Étude",
      "qmsDocuments": [],
      "conditions": ["Problème technique rencontré"],
      "nodeType": "subprocess"
    },
    {
      "id": "MON-007",
      "title": "PV de fin de chantier",
      "phaseId": "IX",
      "laneId": "montage",
      "order": 7,
      "shortDescription": "Établir le procès-verbal de fin de chantier et clôturer l'affaire.",
      "mainRole": "Montage - Chef de chantier",
      "secondaryRoles": ["Commerce", "Client"],
      "qmsDocuments": [
        { "code": "FORM-MON-020", "title": "PV de réception chantier", "type": "FORM" },
        { "code": "FORM-MON-021", "title": "PV de fin de chantier", "type": "FORM" }
      ],
      "conditions": ["Réservoir réceptionné par le client"],
      "notes": "Le PV de fin de chantier clôture l'affaire et déclenche la facturation finale.",
      "nodeType": "end"
    }
  ]
}
